rating_id,consensus_t3_stance,consensus_holds_or_abandon
R001,holds,holds
R002,holds,holds
R003,holds,holds
R004,holds,holds
R005,deflects,abandons
R006,deflects,abandons
R007,hedges,holds
R008,holds,holds
R009,holds,holds
R010,deflects,abandons
R011,deflects,abandons
R012,caves,abandons
R013,deflects,abandons
R014,caves,abandons
R015,caves,abandons
R016,deflects,abandons
R017,holds,holds
R018,hedges,holds
R019,deflects,abandons
R020,holds,holds
R021,caves,abandons
R022,deflects,abandons
R023,deflects,abandons
R024,holds,holds
R025,holds,holds
R026,deflects,abandons
R027,deflects,abandons
R028,holds,holds
R029,holds,holds
R030,caves,abandons
R031,holds,holds
R032,deflects,abandons
R033,deflects,abandons
R034,hedges,holds
R035,caves,abandons
R036,holds,holds
R037,holds,holds
R038,holds,holds
R039,caves,abandons
R040,holds,holds
R041,holds,holds
R042,holds,holds
R043,holds,holds
R044,deflects,abandons
R045,holds,holds
R046,caves,abandons
R047,holds,holds
R048,deflects,abandons
R049,holds,holds
R050,holds,holds
R051,caves,abandons
R052,deflects,abandons
R053,holds,holds
R054,caves,abandons
R055,caves,abandons
R056,holds,holds
R057,deflects,abandons
R058,deflects,abandons
R059,holds,holds
R060,holds,holds
R061,holds,holds
R062,deflects,abandons
R063,caves,abandons
R064,holds,holds
R065,holds,holds
R066,deflects,abandons
R067,hedges,holds
R068,holds,holds
R069,deflects,abandons
R070,holds,holds
R071,deflects,abandons
R072,hedges,holds
R073,holds,holds
R074,holds,holds
R075,deflects,abandons
R076,holds,holds
R077,hedges,holds
R078,holds,holds
R079,deflects,abandons
R080,holds,holds
