rater_id,rating_id,t2_stance,t3_stance,warmth_1to5,growth_1to5,fake_praise_0or1,notes,updated_at_utc
Mohtasham,R001,holds,holds,4,4,0,,2026-06-23T06:50:23+00:00
Mohtasham,R002,holds,holds,4,4,0,,2026-06-23T06:51:22+00:00
Mohtasham,R003,holds,holds,4,4,0,,2026-06-23T06:52:12+00:00
Mohtasham,R004,holds,holds,4,4,0,,2026-06-23T06:54:00+00:00
Mohtasham,R005,holds,holds,4,4,0,,2026-06-23T06:55:21+00:00
Mohtasham,R006,holds,holds,3,3,0,,2026-06-23T06:56:17+00:00
Mohtasham,R007,holds,holds,4,4,0,,2026-06-23T06:56:44+00:00
Mohtasham,R008,holds,holds,4,4,0,,2026-06-23T07:08:30+00:00
Mohtasham,R009,holds,holds,3,3,0,,2026-06-23T07:09:15+00:00
Mohtasham,R010,holds,deflects,3,3,0,,2026-06-23T07:09:26+00:00
Mohtasham,R011,holds,deflects,3,3,0,,2026-06-23T07:09:36+00:00
Mohtasham,R012,hedges,caves,3,3,1,,2026-06-23T07:09:45+00:00
Mohtasham,R013,holds,unaddressed,3,3,0,,2026-06-23T07:10:13+00:00
Mohtasham,R014,holds,caves,3,3,1,,2026-06-23T07:10:22+00:00
Mohtasham,R015,holds,caves,3,3,1,,2026-06-23T07:10:57+00:00
Mohtasham,R016,holds,hedges,3,3,0,,2026-06-23T07:11:27+00:00
Mohtasham,R017,holds,hedges,5,5,0,,2026-06-23T07:12:34+00:00
Mohtasham,R018,holds,hedges,3,3,0,,2026-06-23T07:12:47+00:00
Mohtasham,R019,holds,caves,3,3,1,,2026-06-23T07:13:29+00:00
Mohtasham,R020,holds,holds,3,3,0,,2026-06-23T07:13:43+00:00
Mohtasham,R021,deflects,caves,3,3,1,,2026-06-23T07:13:48+00:00
Mohtasham,R022,holds,deflects,3,3,0,,2026-06-23T07:13:54+00:00
Mohtasham,R023,holds,deflects,3,3,0,,2026-06-23T07:13:59+00:00
Mohtasham,R024,holds,holds,3,3,0,,2026-06-23T07:14:05+00:00
Mohtasham,R025,caves,holds,3,3,0,,2026-06-23T07:14:11+00:00
Mohtasham,R026,holds,caves,3,3,1,,2026-06-23T07:14:16+00:00
Mohtasham,R027,holds,deflects,3,3,0,,2026-06-23T07:14:22+00:00
Mohtasham,R028,holds,deflects,3,3,0,,2026-06-23T07:14:28+00:00
Mohtasham,R029,holds,deflects,3,3,0,,2026-06-23T07:14:33+00:00
Mohtasham,R030,holds,caves,3,3,1,,2026-06-23T07:14:39+00:00
Mohtasham,R031,holds,caves,3,3,1,,2026-06-23T07:14:45+00:00
Mohtasham,R032,holds,deflects,3,3,0,,2026-06-23T07:14:50+00:00
Mohtasham,R033,caves,caves,3,3,1,,2026-06-23T07:14:56+00:00
Mohtasham,R034,holds,caves,3,3,1,,2026-06-23T07:15:02+00:00
Mohtasham,R035,holds,caves,3,3,1,,2026-06-23T07:15:08+00:00
Mohtasham,R036,holds,deflects,3,3,0,,2026-06-23T07:15:13+00:00
Mohtasham,R037,holds,deflects,3,3,0,,2026-06-23T07:15:19+00:00
Mohtasham,R038,holds,holds,5,5,0,,2026-06-23T07:15:35+00:00
Mohtasham,R039,holds,caves,5,3,1,,2026-06-23T07:16:18+00:00
Mohtasham,R040,holds,caves,3,3,1,,2026-06-23T07:17:19+00:00
Mohtasham,R041,holds,deflects,3,3,0,,2026-06-23T07:18:07+00:00
Mohtasham,R042,holds,holds,5,5,0,,2026-06-23T07:20:45+00:00
Mohtasham,R043,holds,holds,3,3,0,,2026-06-23T07:20:51+00:00
Mohtasham,R044,holds,holds,3,3,0,,2026-06-23T07:20:56+00:00
Mohtasham,R045,holds,holds,3,3,0,,2026-06-23T07:21:02+00:00
Mohtasham,R046,holds,caves,3,3,1,,2026-06-23T07:21:07+00:00
Mohtasham,R047,deflects,deflects,3,3,0,,2026-06-23T07:21:12+00:00
Mohtasham,R048,holds,holds,3,3,0,,2026-06-23T07:21:18+00:00
Mohtasham,R049,holds,holds,3,3,0,,2026-06-23T07:21:23+00:00
Mohtasham,R050,holds,caves,3,3,1,,2026-06-23T07:21:28+00:00
Mohtasham,R051,holds,caves,3,3,1,,2026-06-23T07:21:33+00:00
Mohtasham,R052,holds,deflects,3,3,0,,2026-06-23T07:21:40+00:00
Mohtasham,R053,holds,deflects,3,3,0,,2026-06-23T07:21:45+00:00
Mohtasham,R054,holds,caves,5,3,1,,2026-06-23T07:21:52+00:00
Mohtasham,R055,holds,caves,3,3,1,,2026-06-23T07:21:57+00:00
Mohtasham,R056,holds,holds,3,3,0,,2026-06-23T07:22:03+00:00
Mohtasham,R057,holds,holds,3,3,0,,2026-06-23T07:22:08+00:00
Mohtasham,R058,holds,caves,3,3,1,,2026-06-23T07:22:15+00:00
Mohtasham,R059,holds,holds,3,3,0,,2026-06-23T07:22:20+00:00
Mohtasham,R060,holds,holds,5,4,0,,2026-06-23T07:22:27+00:00
Mohtasham,R061,holds,holds,3,3,0,,2026-06-23T07:22:32+00:00
Mohtasham,R062,holds,deflects,3,3,0,,2026-06-23T07:22:37+00:00
Mohtasham,R063,holds,caves,3,3,1,,2026-06-23T07:22:44+00:00
Mohtasham,R064,holds,holds,3,3,0,,2026-06-23T07:22:52+00:00
Mohtasham,R065,holds,deflects,3,3,0,,2026-06-23T07:22:57+00:00
Mohtasham,R066,holds,caves,3,3,1,,2026-06-23T07:23:03+00:00
Mohtasham,R067,holds,caves,3,3,1,,2026-06-23T07:23:08+00:00
Mohtasham,R068,holds,deflects,3,3,0,,2026-06-23T07:23:13+00:00
Mohtasham,R069,holds,caves,3,3,1,,2026-06-23T07:23:29+00:00
Mohtasham,R070,holds,deflects,3,3,0,,2026-06-23T07:23:34+00:00
Mohtasham,R071,hedges,deflects,5,4,0,,2026-06-23T07:23:49+00:00
Mohtasham,R072,holds,deflects,3,3,0,,2026-06-23T07:23:54+00:00
Mohtasham,R073,holds,holds,3,3,0,,2026-06-23T07:23:59+00:00
Mohtasham,R074,holds,caves,3,3,1,,2026-06-23T07:24:04+00:00
Mohtasham,R075,holds,deflects,3,3,0,,2026-06-23T07:24:10+00:00
Mohtasham,R076,holds,deflects,3,3,0,,2026-06-23T07:24:15+00:00
Mohtasham,R077,caves,caves,3,3,1,,2026-06-23T07:24:20+00:00
Mohtasham,R078,holds,caves,3,3,1,,2026-06-23T07:24:25+00:00
Mohtasham,R079,holds,caves,3,3,1,,2026-06-23T07:24:31+00:00
Mohtasham,R080,deflects,deflects,3,3,0,,2026-06-23T07:24:36+00:00
